symbol,status,entry_date,entry_price,exit_date,exit_price,holding_days,factor_value_at_entry,rank_at_entry,universe_size_at_entry,gross_return,net_return,exit_reason
TSE1101,closed,2022-07-28,38.2,2022-08-25,39.55,20,-0.6972261262611292,5.0,100,0.035340314136125484,0.02933528887776138,跌出前 10 名（排名第 45）
TSE1101,closed,2023-08-24,35.3,2023-09-21,33.8,20,-0.6624857980990166,5.0,100,-0.04249291784702547,-0.0481020539789897,跌出前 10 名（排名第 86）
TSE1102,closed,2021-12-27,44.15,2022-01-25,44.15,20,-0.8278639606629524,4.0,100,0.0,-0.005838145229779768,跌出前 10 名（排名第 67）
TSE1102,closed,2022-10-24,37.4,2022-11-21,41.05,20,-0.7674047275225753,1.0,99,0.09759358288770059,0.09116050950179977,跌出前 10 名（排名第 25）
TSE1102,closed,2026-01-12,37.5,2026-02-09,35.35,20,-0.7008670444630308,5.0,100,-0.05733333333333335,-0.06283255643589292,跌出前 10 名（排名第 33）
TSE1216,closed,2023-08-24,71.7,2023-09-21,69.8,20,-0.7137607365551488,2.0,100,-0.02649930264993028,-0.03220991198398271,跌出前 10 名（排名第 82）
TSE1301,closed,2022-09-23,86.6,2022-10-24,82.0,20,-0.9253133834039786,1.0,100,-0.05311778290993063,-0.05866820919433746,跌出前 10 名（排名第 41）
TSE1314,closed,2021-03-11,11.05,2021-04-12,12.5,20,-0.7512523800262753,4.0,100,0.13122171945701355,0.12461375070701375,跌出前 10 名（排名第 99）
TSE1314,closed,2021-05-11,14.2,2021-06-08,13.8,20,-0.5646206080874495,5.0,100,-0.028169014084507005,-0.03410753759330998,跌出前 10 名（排名第 17）
TSE1314,closed,2024-11-19,7.97,2024-12-17,7.7,20,-0.7738053093137832,3.0,100,-0.03387703889585947,-0.039534805012007346,跌出前 10 名（排名第 61）
TSE1326,closed,2023-08-24,60.7,2023-09-21,63.9,20,-0.6689038017196309,4.0,100,0.05271828665568368,0.046568891341638885,跌出前 10 名（排名第 19）
TSE1402,closed,2024-08-20,37.1,2024-09-18,36.65,20,-0.6598293294470763,5.0,100,-0.0121293800539084,-0.01792345831137443,跌出前 10 名（排名第 33）
TSE1409,closed,2021-02-01,12.7,2021-03-11,14.5,20,-0.7626357992248328,3.0,100,0.14173228346456712,0.13508893189187932,跌出前 10 名（排名第 71）
TSE1409,closed,2023-04-28,17.6,2023-05-29,17.15,20,-0.8588735755678221,1.0,100,-0.02556818181818199,-0.03126027108132101,跌出前 10 名（排名第 41）
TSE1409,closed,2023-06-28,17.15,2023-07-26,17.1,20,-0.8292199371196862,4.0,100,-0.002915451895043608,-0.008739865819971104,跌出前 10 名（排名第 57）
TSE1409,closed,2026-04-20,16.6,2026-05-19,16.7,20,-0.832885765529544,2.0,100,0.0060240963855420215,0.00019099394144816983,跌出前 10 名（排名第 31）
TSE1409,closed,2026-07-16,26.0,2026-08-13,25.15,20,-0.8106490523713471,1.0,100,-0.0326923076923078,-0.038540142611289574,跌出前 10 名（排名第 82）
TSE1476,closed,2021-10-01,591.0,2021-11-01,610.0,20,-0.5547885193730688,3.0,100,0.0321489001692048,0.026154896293818286,跌出前 10 名（排名第 36）
TSE1476,closed,2024-08-20,517.0,2024-09-18,546.0,20,-0.6975813520391315,3.0,100,0.05609284332688591,0.05002178930931134,跌出前 10 名（排名第 54）
TSE1476,closed,2025-04-23,384.0,2025-05-22,413.5,20,-0.7118785742396092,3.0,100,0.07682291666666674,0.07061242347028318,跌出前 10 名（排名第 69）
TSE1477,closed,2021-04-12,250.5,2021-05-11,271.5,20,-0.6088328190531482,3.0,100,0.11951405830314688,0.11291475358603775,跌出前 10 名（排名第 97）
TSE1477,closed,2022-06-01,163.0,2022-06-30,141.0,20,-0.5531791564844517,5.0,100,-0.13496932515337423,-0.14000697071190438,跌出前 10 名（排名第 96）
TSE1477,closed,2023-05-29,219.0,2023-06-28,289.5,20,-0.6739212823437419,4.0,100,0.32191780821917804,0.31414235304420024,跌出前 10 名（排名第 73）
TSE1503,closed,2022-06-01,60.6,2022-06-30,61.8,20,-0.8429458589855778,1.0,100,0.01980198019801982,0.013794961043944065,跌出前 10 名（排名第 37）
TSE1503,closed,2022-09-23,60.6,2022-10-24,54.6,20,-0.8337261256978042,4.0,100,-0.09900990099009899,-0.10436266670333771,跌出前 10 名（排名第 99）
TSE1503,closed,2023-02-24,80.6,2023-04-28,100.5,40,-0.8153585978380549,3.0,100,0.24689826302729534,0.23958271690096322,跌出前 10 名（排名第 95）
TSE1503,closed,2023-07-26,149.0,2023-08-24,132.5,20,-0.7931292735780053,5.0,100,-0.11073825503355716,-0.11586502458978976,跌出前 10 名（排名第 63）
TSE1503,closed,2024-03-25,299.0,2024-04-24,316.0,20,-0.7197474643867532,3.0,100,0.056856187290970084,0.05088489412283148,跌出前 10 名（排名第 80）
TSE1503,closed,2025-07-18,184.0,2025-08-15,174.5,20,-0.8737309918758926,1.0,100,-0.027587262706674776,-0.03325222795810012,跌出前 10 名（排名第 62）
TSE1513,closed,2021-08-04,50.9,2021-09-01,48.95,20,-0.7866592421787064,4.0,100,-0.03831041257367385,-0.04394469754488495,跌出前 10 名（排名第 40）
TSE1513,closed,2022-05-04,52.6,2022-06-01,50.8,20,-0.7873192494014458,5.0,100,-0.034220532319391705,-0.039872829900715945,跌出前 10 名（排名第 75）
TSE1513,closed,2023-05-29,113.5,2023-06-28,129.0,20,-0.7647108007227065,2.0,100,0.13656387665198233,0.12988030834514142,跌出前 10 名（排名第 15）
TSE1513,closed,2024-06-21,188.0,2024-09-18,167.5,60,-0.8414401543594118,3.0,100,-0.0916485900216919,-0.09701226461168899,跌出前 10 名（排名第 77）
TSE1513,closed,2025-09-12,163.5,2025-10-15,156.5,20,-0.7382757440743428,5.0,100,-0.042813455657492394,-0.04843937827918332,跌出前 10 名（排名第 34）
TSE1514,closed,2021-03-11,24.95,2021-04-12,27.1,20,-0.8847162832411761,1.0,100,0.08617234468937895,0.07983386487866273,跌出前 10 名（排名第 96）
TSE1514,closed,2022-04-01,27.8,2022-06-01,29.6,40,-0.7630924450455809,5.0,100,0.06474820143884896,0.058539664078672615,跌出前 10 名（排名第 80）
TSE1514,closed,2023-05-29,51.6,2023-06-28,58.5,20,-0.7973835050614412,1.0,100,0.13372093023255816,0.12706600989837025,跌出前 10 名（排名第 30）
TSE1514,closed,2024-01-17,81.8,2024-02-23,89.5,20,-0.592362191771568,2.0,100,0.09413202933985332,0.08776395320788732,跌出前 10 名（排名第 91）
TSE1514,closed,2024-04-24,161.0,2024-05-23,107.5,20,-0.6870686234779159,3.0,100,-0.33229813664596264,-0.33624175361413033,跌出前 10 名（排名第 24）
TSE1514,closed,2025-07-18,105.5,2025-08-15,105.5,20,-0.7264851106071595,4.0,100,0.0,-0.005869352933612237,跌出前 10 名（排名第 31）
TSE1514,closed,2025-11-13,101.5,2025-12-11,98.7,20,-0.663808326303835,3.0,99,-0.02758620689655178,-0.03334991947071497,跌出前 10 名（排名第 82）
TSE1514,closed,2026-06-16,120.0,2026-07-16,106.5,20,-0.7381319142838103,3.0,100,-0.11250000000000004,-0.11767354186462708,跌出前 10 名（排名第 68）
TSE1515,closed,2023-01-17,29.85,2023-02-24,30.8,20,-0.8463776408203202,2.0,100,0.031825795644891075,0.025793393556723387,跌出前 10 名（排名第 38）
TSE1515,closed,2023-09-21,40.4,2023-10-24,39.85,20,-0.7094251320030689,5.0,100,-0.013613861386138626,-0.01931992211206368,跌出前 10 名（排名第 17）
TSE1515,closed,2023-11-21,59.5,2024-02-23,47.25,60,-0.8980880323595946,1.0,100,-0.20588235294117652,-0.2105133882098913,跌出前 10 名（排名第 67）
TSE1515,closed,2024-10-21,34.7,2024-11-19,31.35,20,-0.7465864710062622,3.0,100,-0.09654178674351588,-0.10182308978514831,跌出前 10 名（排名第 63）
TSE1515,closed,2025-04-23,31.1,2025-05-22,30.3,20,-0.8567692631657511,1.0,100,-0.025723472668810365,-0.031433045898390466,跌出前 10 名（排名第 11）
TSE1515,closed,2026-05-19,21.9,2026-07-16,44.85,40,-0.764209962704732,3.0,100,1.100795404330535,1.0885515741644287,跌出前 10 名（排名第 89）
TSE1519,closed,2022-01-25,37.35,2022-03-04,38.6,20,-0.9312104758392725,1.0,100,0.03346720214190091,0.02744231716563572,跌出前 10 名（排名第 54）
TSE1519,closed,2022-08-25,39.2,2022-09-23,44.2,20,-0.7819616412606103,4.0,100,0.12755102040816313,0.12095608351042664,跌出前 10 名（排名第 97）
TSE1519,closed,2022-10-24,38.45,2022-11-21,40.5,20,-0.7477795547488476,2.0,99,0.0533159947984394,0.047163108005526366,跌出前 10 名（排名第 100）
TSE1519,closed,2024-03-25,785.0,2024-04-24,854.0,20,-0.9424609143451536,1.0,100,0.0878980891719745,0.08155527216438241,跌出前 10 名（排名第 68）
TSE1519,closed,2024-06-21,947.0,2024-07-19,957.0,20,-0.9505070358147509,1.0,100,0.010559662090813049,0.004502622560447644,跌出前 10 名（排名第 37）
TSE1560,closed,2022-08-25,156.0,2022-09-23,131.5,20,-0.7846748443625028,3.0,100,-0.15705128205128205,-0.16196746574337506,跌出前 10 名（排名第 56）
TSE1560,closed,2023-04-28,110.5,2023-05-29,114.5,20,-0.8577973856744465,2.0,100,0.036199095022624306,0.030132459206615225,跌出前 10 名（排名第 82）
TSE1560,closed,2023-09-21,137.5,2023-10-24,167.0,20,-0.7661454050383696,2.0,100,0.2145454545454546,0.2075988588426516,跌出前 10 名（排名第 47）
TSE1560,closed,2023-11-21,177.0,2024-01-17,196.0,40,-0.7360503854441134,2.0,100,0.10734463276836159,0.1010651013265571,跌出前 10 名（排名第 68）
TSE1560,closed,2025-05-22,289.0,2025-06-20,284.5,20,-0.8234273388641741,3.0,100,-0.015570934256055269,-0.021387481042161482,跌出前 10 名（排名第 67）
TSE1560,closed,2026-01-12,416.5,2026-02-09,411.5,20,-0.7104375099158273,4.0,100,-0.012004801920768249,-0.01774194021278319,跌出前 10 名（排名第 59）
TSE1590,closed,2023-08-24,884.0,2023-09-21,990.0,20,-0.7351660443030964,1.0,100,0.11990950226244346,0.11327646472268671,跌出前 10 名（排名第 96）
TSE1590,closed,2025-04-23,808.0,2025-06-20,862.0,40,-0.6931032187589318,5.0,100,0.06683168316831667,0.06053698957175402,跌出前 10 名（排名第 11）
TSE1597,closed,2021-06-08,100.0,2021-07-07,119.0,20,-0.8922601463533638,1.0,100,0.18999999999999995,0.18306594770522322,跌出前 10 名（排名第 64）
TSE1597,closed,2024-08-20,102.0,2024-09-18,91.9,20,-0.7502733438907003,1.0,100,-0.09182615161833185,-0.0971574227801626,跌出前 10 名（排名第 15）
TSE1597,closed,2025-02-21,112.0,2025-03-24,91.3,20,-0.8233523590322493,4.0,100,-0.18482142857142858,-0.18958324885212052,跌出前 10 名（排名第 35）
TSE1605,closed,2024-04-24,37.5,2024-05-23,37.15,20,-0.8095053340308684,1.0,100,-0.009333333333333416,-0.015163263604814792,跌出前 10 名（排名第 82）
TSE1605,closed,2025-09-12,22.5,2025-10-15,27.15,20,-0.7681023070965194,4.0,100,0.20666666666666655,0.19957844914840828,跌出前 10 名（排名第 23）
TSE1608,closed,2021-07-07,26.1,2021-08-04,27.25,20,-0.850823233369976,3.0,100,0.044061302681992265,0.0381589248333416,跌出前 10 名（排名第 93）
TSE1608,closed,2022-11-21,14.15,2022-12-19,13.8,20,-0.81793647798276,4.0,100,-0.02473498233215532,-0.0304219235211578,跌出前 10 名（排名第 29）
TSE1608,closed,2023-03-28,14.8,2023-04-28,16.4,20,-0.7769614122982286,3.0,100,0.10810810810810789,0.1016131716367894,跌出前 10 名（排名第 58）
TSE1608,closed,2023-12-19,21.7,2024-02-23,21.45,40,-0.9009318091243614,1.0,100,-0.011520737327189057,-0.01726204973286516,跌出前 10 名（排名第 15）
TSE1608,closed,2024-06-21,38.35,2024-08-20,35.2,40,-0.8997027629591485,2.0,100,-0.05890119320713594,-0.06443850510127258,跌出前 10 名（排名第 33）
TSE1608,closed,2025-10-15,30.0,2025-12-11,36.95,40,-0.8908880339599291,2.0,100,0.2316666666666669,0.22457092595657802,跌出前 10 名（排名第 13）
TSE1608,closed,2026-02-09,33.0,2026-03-19,33.25,20,-0.8138278861255913,4.0,100,0.007575757575757569,0.0017764874416503762,跌出前 10 名（排名第 13）
TSE1609,closed,2021-12-27,24.8,2022-01-25,22.55,20,-0.8534882870307039,2.0,100,-0.09072580645161299,-0.09604801729997892,跌出前 10 名（排名第 62）
TSE1609,closed,2022-05-04,27.45,2022-06-01,26.15,20,-0.885680711299964,2.0,100,-0.04735883424408027,-0.052913549959043404,跌出前 10 名（排名第 17）
TSE1609,closed,2022-11-21,18.55,2023-01-17,20.55,40,-0.8293778791668495,3.0,100,0.10781671159029638,0.10134546189184679,跌出前 10 名（排名第 26）
TSE1609,closed,2024-06-21,53.6,2024-07-19,59.0,20,-0.8366084191268963,4.0,100,0.10074626865671643,0.09426149629290714,跌出前 10 名（排名第 80）
TSE1609,closed,2025-07-18,36.6,2025-11-13,41.9,80,-0.7426476878897302,3.0,100,0.14480874316939873,0.138107666777727,跌出前 10 名（排名第 61）
TSE1609,closed,2026-07-16,38.6,2026-08-13,37.75,20,-0.802463225134623,2.0,100,-0.022020725388601115,-0.027873047787389527,跌出前 10 名（排名第 58）
TSE1708,closed,2021-07-07,37.05,2021-08-04,34.5,20,-0.8487155283645816,4.0,100,-0.06882591093117407,-0.07422558798578283,跌出前 10 名（排名第 42）
TSE1708,closed,2022-09-23,47.9,2022-10-24,40.2,20,-0.8299219134678715,5.0,100,-0.1607515657620041,-0.1658117244071502,跌出前 10 名（排名第 91）
TSE1708,closed,2025-03-24,38.1,2025-04-23,32.45,20,-0.8151622613191207,3.0,100,-0.148293963254593,-0.15330553949646086,跌出前 10 名（排名第 15）
TSE1708,closed,2025-12-11,32.85,2026-01-12,32.3,20,-0.9041044679432937,1.0,100,-0.016742770167427756,-0.02249078394616677,跌出前 10 名（排名第 76）
TSE1709,closed,2021-09-01,19.35,2021-10-01,19.9,20,-0.8809168586978644,1.0,100,0.028423772609818876,0.02237703396171531,跌出前 10 名（排名第 31）
TSE1709,closed,2024-05-23,20.0,2024-06-21,21.45,20,-0.6670365553875066,5.0,100,0.07250000000000001,0.06625061253264941,跌出前 10 名（排名第 80）
TSE1709,closed,2026-04-20,18.95,2026-05-19,18.25,20,-0.8061334857451627,4.0,100,-0.03693931398416883,-0.042550235511434886,跌出前 10 名（排名第 73）
TSE1711,closed,2021-05-11,18.0,2021-06-08,19.45,20,-0.8141334378013501,1.0,100,0.08055555555555549,0.07416274576388915,跌出前 10 名（排名第 95）
TSE1711,closed,2021-08-04,19.5,2021-09-01,18.9,20,-0.8428311867715783,2.0,100,-0.030769230769230882,-0.03645285085644012,跌出前 10 名（排名第 51）
TSE1711,closed,2021-10-01,25.0,2021-11-29,26.25,40,-0.5059279349718411,5.0,100,0.050000000000000044,0.04373888896484379,跌出前 10 名（排名第 45）
TSE1711,closed,2022-04-01,25.85,2022-05-04,23.25,20,-0.9259698250206012,1.0,100,-0.10058027079303689,-0.10585463419175656,跌出前 10 名（排名第 80）
TSE1711,closed,2024-02-23,19.75,2024-03-25,20.0,20,-0.807445162453205,2.0,100,0.012658227848101111,0.0070082353657467955,跌出前 10 名（排名第 91）
TSE1714,closed,2021-02-01,9.08,2021-03-11,9.51,20,-0.7877268793848338,2.0,100,0.04735682819383258,0.041268730844729706,跌出前 10 名（排名第 62）
TSE1714,closed,2021-05-11,10.55,2021-06-08,12.15,20,-0.5992311210893542,3.0,100,0.15165876777251186,0.14483311230055773,跌出前 10 名（排名第 100）
TSE1714,closed,2026-04-20,9.74,2026-06-16,17.95,40,-0.8125034215025972,3.0,100,0.8429158110882957,0.832248046803437,跌出前 10 名（排名第 93）
TSE1717,closed,2024-11-19,29.6,2024-12-17,27.85,20,-0.7979061930799554,2.0,100,-0.0591216216216216,-0.06464108358174314,跌出前 10 名（排名第 74）
TSE1718,closed,2021-05-11,11.3,2021-06-08,11.3,20,-0.6421686720348669,2.0,100,0.0,-0.006155962886028932,跌出前 10 名（排名第 78）
TSE1718,closed,2023-08-24,7.96,2023-09-21,7.93,20,-0.7088738624825905,3.0,100,-0.0037688442211055717,-0.009573745838477699,跌出前 10 名（排名第 69）
TSE1718,closed,2026-06-16,9.21,2026-07-16,14.65,20,-0.8650945527254764,1.0,100,0.5906623235613462,0.5816453962144952,跌出前 10 名（排名第 12）
TSE1727,closed,2021-07-07,15.55,2021-09-01,19.0,40,-0.8907953740123975,1.0,100,0.22186495176848875,0.21476154180845075,跌出前 10 名（排名第 66）
TSE1727,closed,2023-05-29,40.5,2023-06-28,35.3,20,-0.7343387450609457,3.0,100,-0.1283950617283951,-0.1335775109410623,跌出前 10 名（排名第 69）
TSE1727,closed,2025-07-18,26.2,2025-08-15,34.45,20,-0.7746041475002848,2.0,100,0.3353029728320136,0.3274729183551801,跌出前 10 名（排名第 24）
TSE1727,closed,2025-10-15,37.25,2025-11-13,37.3,20,-0.794642667440545,3.0,100,0.0013422818791946067,-0.004499184460965089,跌出前 10 名（排名第 11）
TSE1795,closed,2021-09-01,106.5,2021-10-01,104.0,20,-0.7026414991769205,4.0,100,-0.023474178403755874,-0.02928964048070548,跌出前 10 名（排名第 95）
TSE1795,closed,2021-11-01,97.2,2021-11-29,109.0,20,-0.6757071950883571,3.0,100,0.12139917695473246,0.11477284818450895,跌出前 10 名（排名第 33）
TSE1795,closed,2022-06-01,126.0,2022-06-30,153.5,20,-0.7147345064039392,2.0,100,0.21825396825396814,0.211094798597127,跌出前 10 名（排名第 85）
TSE1795,closed,2023-02-24,281.0,2023-03-28,246.0,20,-0.7520945791277946,4.0,100,-0.1245551601423488,-0.12969194156374408,跌出前 10 名（排名第 81）
TSE1795,closed,2025-04-23,213.0,2025-05-22,226.5,20,-0.7032691230642245,4.0,100,0.06338028169014076,0.05712430079030395,跌出前 10 名（排名第 85）
TSE1802,closed,2023-06-28,19.75,2023-07-26,17.9,20,-0.8292783495676859,3.0,100,-0.09367088607594942,-0.09899219818750216,跌出前 10 名（排名第 58）
TSE1802,closed,2024-12-17,17.9,2025-01-15,15.45,20,-0.8404397053337076,2.0,100,-0.13687150837988826,-0.14193469812456716,跌出前 10 名（排名第 84）
TSE2002,closed,2021-12-27,35.25,2022-01-25,33.45,20,-0.8037922054918459,5.0,100,-0.051063829787233894,-0.05659526086317812,跌出前 10 名（排名第 68）
TSE2002,closed,2022-05-04,36.05,2022-06-01,34.15,20,-0.794294549539821,4.0,100,-0.0527045769764215,-0.05821534938742412,跌出前 10 名（排名第 70）
TSE2002,closed,2022-06-30,28.45,2022-07-28,27.35,20,-0.6241196823070321,3.0,100,0.06701442121926005,0.06080862287051381,跌出前 10 名（排名第 37）
TSE2002,closed,2025-02-21,23.0,2025-03-24,23.7,20,-0.8372470864233388,3.0,100,0.0304347826086957,0.02444146208993203,跌出前 10 名（排名第 47）
TSE2002,closed,2026-02-09,20.35,2026-03-19,18.8,20,-0.8066038745176712,5.0,100,-0.07616707616707619,-0.08154388035953153,跌出前 10 名（排名第 85）
TSE2009,closed,2021-07-07,60.3,2021-08-04,60.0,20,-0.8303649241119115,5.0,100,-0.004975124378109319,-0.010676428000547245,跌出前 10 名（排名第 70）
TSE2009,closed,2023-04-28,32.15,2023-05-29,32.1,20,-0.7659620223458776,4.0,100,-0.0015552099533436836,-0.007405797566342742,跌出前 10 名（排名第 61）
TSE2009,closed,2024-04-24,45.35,2024-05-23,54.0,20,-0.6124137082940284,5.0,100,0.19073869900771778,0.1836017744790137,跌出前 10 名（排名第 68）
TSE2009,closed,2025-12-11,43.4,2026-01-12,49.9,20,-0.8415583000287239,4.0,100,0.14976958525345618,0.1431544293436846,跌出前 10 名（排名第 40）
TSE2009,closed,2026-02-09,43.2,2026-03-19,41.55,20,-0.8609926716192672,2.0,100,-0.03819444444444442,-0.043764910308351834,跌出前 10 名（排名第 78）
TSE2027,closed,2021-03-11,30.6,2021-04-12,40.8,20,-0.8575277952123593,2.0,100,0.33333333333333304,0.3255447408333325,跌出前 10 名（排名第 80）
TSE2027,closed,2022-08-25,40.35,2022-09-23,39.0,20,-0.741986883611354,5.0,100,-0.03345724907063208,-0.039096286014504655,跌出前 10 名（排名第 85）
TSE2027,closed,2025-08-15,40.3,2025-09-12,38.8,20,-0.7685752826174808,3.0,99,-0.03722084367245648,-0.04277687686330989,跌出前 10 名（排名第 37）
TSE2059,closed,2022-03-04,441.0,2022-04-01,438.0,20,-0.7392326338037309,4.0,100,-0.006802721088435271,-0.012782197705063503,跌出前 10 名（排名第 70）
TSE2059,closed,2024-10-21,1095.0,2024-11-19,1370.0,20,-0.7287524015819835,4.0,100,0.25114155251141557,0.24399241867228527,跌出前 10 名（排名第 68）
TSE2103,closed,2021-12-27,41.25,2022-01-25,37.75,20,-0.8296432579765731,3.0,100,-0.08484848484848484,-0.09019106029800905,跌出前 10 名（排名第 60）
TSE2233,closed,2022-06-30,123.5,2022-07-28,116.0,20,-0.821472626805458,1.0,100,-0.06072874493927116,-0.06624912604475042,跌出前 10 名（排名第 19）
TSE2233,closed,2022-12-19,100.5,2023-01-17,98.5,20,-0.8670056410312728,2.0,100,-0.01990049751243772,-0.025669003415168312,跌出前 10 名（排名第 20）
TSE2233,closed,2024-10-21,154.0,2024-12-17,190.5,40,-0.7105068133353193,5.0,100,0.23701298701298712,0.22988947069198384,跌出前 10 名（排名第 88）
TSE2233,closed,2026-02-09,228.5,2026-03-19,231.5,20,-0.8496229056301752,3.0,100,0.013129102844638973,0.007138090923695106,跌出前 10 名（排名第 75）
TSE2233,open,2026-08-13,203.5,,177.0,9,-0.7475781211187839,3.0,100,-0.13022113022113024,-0.13283590294840286,
TSE2301,closed,2022-07-28,64.3,2022-08-25,64.8,20,-0.7225332893624146,4.0,100,0.030405751483036925,0.024432713832664543,跌出前 10 名（排名第 42）
TSE2302,closed,2021-06-08,17.4,2021-07-07,20.0,20,-0.8082707659670467,3.0,100,0.149425287356322,0.1426720040012699,跌出前 10 名（排名第 83）
TSE2302,closed,2022-01-25,15.5,2022-04-01,15.95,40,-0.6116272562713064,5.0,100,0.029032258064515926,0.02304046128780235,跌出前 10 名（排名第 80）
TSE2302,closed,2022-06-01,19.0,2022-06-30,17.1,20,-0.6962545727423408,3.0,100,-0.09999999999999987,-0.10519657191837994,跌出前 10 名（排名第 99）
TSE2302,closed,2023-03-28,20.95,2023-04-28,20.6,20,-0.7971168377534352,1.0,100,-0.01670644391408116,-0.02238345188381463,跌出前 10 名（排名第 38）
TSE2302,closed,2024-11-19,18.3,2024-12-17,18.15,20,-0.8818702520436372,1.0,100,-0.008196721311475641,-0.014014190276639304,跌出前 10 名（排名第 17）
TSE2302,closed,2025-01-15,18.2,2025-02-21,21.15,20,-0.8490017017359848,1.0,100,0.16208791208791196,0.15530892557348008,跌出前 10 名（排名第 55）
TSE2302,closed,2026-03-19,19.15,2026-04-20,18.9,20,-0.7101637244828787,2.0,100,-0.01305483028720622,-0.01886582521033986,跌出前 10 名（排名第 95）
TSE2305,closed,2022-06-30,15.15,2022-08-25,35.4,40,-0.6075042733040419,4.0,100,1.3366336633663365,1.3226542257573923,跌出前 10 名（排名第 76）
TSE2305,closed,2023-03-28,24.95,2023-04-28,22.55,20,-0.7911795539419508,2.0,100,-0.09619238476953906,-0.10149322691908813,跌出前 10 名（排名第 61）
TSE2305,closed,2023-06-28,23.7,2023-07-26,21.1,20,-0.851262127857993,2.0,100,-0.10970464135021085,-0.11491074158768644,跌出前 10 名（排名第 49）
TSE2305,closed,2026-03-19,14.8,2026-06-16,30.35,60,-0.6609737522734886,4.0,100,1.0506756756756759,1.038716904759931,跌出前 10 名（排名第 40）
TSE2312,closed,2023-07-26,16.15,2023-08-24,16.6,20,-0.8240132149776185,3.0,100,0.02786377708978338,0.021905264771978183,跌出前 10 名（排名第 44）
TSE2312,closed,2024-07-19,25.5,2024-08-20,24.1,20,-0.8224333028995876,2.0,99,-0.05490196078431375,-0.06060108275517828,跌出前 10 名（排名第 39）
TSE2316,closed,2022-10-24,22.9,2022-12-19,27.0,40,-0.7097045543350844,3.0,99,0.17903930131004375,0.1721140551451028,跌出前 10 名（排名第 65）
TSE2316,closed,2024-05-23,45.25,2024-06-21,60.4,20,-0.7239447738742731,4.0,100,0.334806629834254,0.32697908569254586,跌出前 10 名（排名第 95）
TSE2316,closed,2024-07-19,53.0,2024-08-20,49.55,20,-0.8127336552792392,3.0,99,-0.06509433962264155,-0.07056069328758663,跌出前 10 名（排名第 17）
TSE2316,closed,2024-12-17,47.7,2025-01-15,44.1,20,-0.7974314509209077,4.0,100,-0.07547169811320753,-0.08087227876179226,跌出前 10 名（排名第 89）
TSE2324,closed,2022-09-23,22.1,2022-10-24,20.75,20,-0.8415127712746601,3.0,100,-0.06108597285067885,-0.0665955941326587,跌出前 10 名（排名第 20）
TSE2324,closed,2023-07-26,31.65,2023-08-24,33.95,20,-0.8365173602932562,2.0,100,0.07266982622432883,0.06633313009954511,跌出前 10 名（排名第 16）
TSE2324,closed,2024-01-17,34.55,2024-02-23,36.2,20,-0.4234731531347625,5.0,100,0.04775687409551388,0.04165841264180181,跌出前 10 名（排名第 20）
TSE2327,closed,2023-04-28,496.0,2023-05-29,508.0,20,-0.764723085591952,5.0,100,0.024193548387096753,0.018246479982167996,跌出前 10 名（排名第 46）
TSE2327,closed,2025-10-15,175.0,2025-11-13,243.5,20,-0.7943369323483815,4.0,100,0.39142857142857146,0.38340235201974715,跌出前 10 名（排名第 78）
TSE2332,closed,2021-11-29,18.35,2021-12-27,18.7,20,-0.8344944078432176,1.0,100,0.019073569482288555,0.013120707912125384,跌出前 10 名（排名第 80）
TSE2332,closed,2025-06-20,15.75,2025-07-18,17.75,20,-0.5521515317557327,4.0,99,0.12698412698412698,0.12032621220125361,跌出前 10 名（排名第 81）
TSE2337,closed,2023-06-28,32.4,2023-07-26,30.1,20,-0.8613967280967735,1.0,100,-0.07098765432098753,-0.07638957126352008,跌出前 10 名（排名第 89）
TSE2337,closed,2024-09-18,26.0,2024-10-21,26.4,20,-0.6719503295552809,4.0,100,0.01538461538461533,0.009453302634615524,跌出前 10 名（排名第 24）
TSE2337,closed,2026-03-19,157.0,2026-04-20,120.5,20,-0.6882448027392996,3.0,100,-0.23248407643312097,-0.23692550767947584,跌出前 10 名（排名第 67）
TSE2344,closed,2026-01-12,102.0,2026-02-09,107.5,20,-0.8703353616295562,1.0,100,0.05392156862745079,0.04769738741484186,跌出前 10 名（排名第 66）
TSE2345,closed,2025-01-15,724.0,2025-02-21,721.0,20,-0.7443008137986801,4.0,100,-0.004143646408839796,-0.009933073978217188,跌出前 10 名（排名第 81）
TSE2347,closed,2021-12-27,66.2,2022-01-25,68.0,20,-0.8958785655160646,1.0,100,0.027190332326284095,0.021203571769642382,跌出前 10 名（排名第 25）
TSE2347,closed,2022-06-30,53.2,2022-07-28,54.9,20,-0.5914891102481851,5.0,100,0.03195488721804507,0.02585139419822169,跌出前 10 名（排名第 26）
TSE2347,closed,2024-03-25,78.1,2024-04-24,79.2,20,-0.7034435797353167,4.0,100,0.014084507042253502,0.008172105847675137,跌出前 10 名（排名第 51）
TSE2351,closed,2021-09-01,142.0,2021-10-01,127.0,20,-0.7137772818108484,3.0,100,-0.09302723151753123,-0.09840193309220113,跌出前 10 名（排名第 76）
TSE2353,closed,2023-07-26,36.8,2023-08-24,38.0,20,-0.8139312894649265,4.0,100,0.032608695652173836,0.026496965531199068,跌出前 10 名（排名第 36）
TSE2353,closed,2024-02-23,45.75,2024-03-25,46.5,20,-0.7204308505200905,5.0,100,0.016393442622950838,0.01045947295093197,跌出前 10 名（排名第 71）
TSE2353,closed,2025-09-12,31.3,2025-10-15,30.4,20,-0.8196491680042057,1.0,100,-0.028753993610223683,-0.03445950559409938,跌出前 10 名（排名第 50）
TSE2353,closed,2026-02-09,26.5,2026-03-19,28.35,20,-0.9017911068487994,1.0,100,0.06981132075471708,0.06362551642963399,跌出前 10 名（排名第 55）
TSE2356,closed,2023-07-26,70.0,2023-08-24,58.6,20,-0.8763374624424565,1.0,100,-0.1628571428571428,-0.16781538395767748,跌出前 10 名（排名第 55）
TSE2356,closed,2024-11-19,49.2,2024-12-17,49.65,20,-0.7644817342447557,4.0,100,0.009146341463414531,0.003239456512210692,跌出前 10 名（排名第 29）
TSE2357,closed,2021-11-01,355.0,2021-11-29,355.5,20,-0.6091173908721634,4.0,100,0.0014084507042253502,-0.004433017259344418,跌出前 10 名（排名第 46）
TSE2357,closed,2023-11-21,389.0,2023-12-19,424.5,20,-0.6735064578883965,4.0,100,0.09125964010282783,0.08484786004515632,跌出前 10 名（排名第 95）
TSE2357,closed,2024-03-25,423.5,2024-04-24,420.5,20,-0.809463545684235,2.0,100,-0.007083825265643329,-0.012929028001651632,跌出前 10 名（排名第 40）
TSE2359,closed,2022-04-01,27.45,2022-05-04,24.6,20,-0.7864698167820279,4.0,100,-0.10382513661202186,-0.10897711939695531,跌出前 10 名（排名第 67）
TSE2359,closed,2023-01-17,25.9,2023-02-24,26.6,20,-0.8152057730018428,4.0,100,0.027027027027027195,0.02107885834773615,跌出前 10 名（排名第 36）
TSE2359,closed,2023-11-21,37.5,2023-12-19,39.75,20,-0.6681391011858706,5.0,100,0.06000000000000005,0.053836655511063425,跌出前 10 名（排名第 47）
TSE2359,closed,2025-03-24,146.0,2025-04-23,118.5,20,-0.8591065951551287,1.0,100,-0.18835616438356162,-0.19308123388462728,跌出前 10 名（排名第 96）
TSE2359,closed,2025-05-22,141.5,2025-06-20,136.0,20,-0.8411726113921685,2.0,100,-0.0388692579505302,-0.04451368276388168,跌出前 10 名（排名第 46）
TSE2360,closed,2022-08-25,178.5,2022-09-23,186.0,20,-0.8593703151016712,1.0,100,0.042016806722688926,0.035988365509453724,跌出前 10 名（排名第 12）
TSE2360,closed,2022-11-21,188.0,2022-12-19,180.5,20,-0.921139556358921,1.0,100,-0.03989361702127647,-0.04547986069643695,跌出前 10 名（排名第 37）
TSE2363,closed,2023-10-24,51.9,2023-11-21,49.35,20,-0.8901573793844993,1.0,100,-0.049132947976878505,-0.05462982900793756,跌出前 10 名（排名第 30）
TSE2363,closed,2024-09-18,61.8,2024-10-21,84.1,20,-0.6962803514130208,2.0,100,0.36084142394822005,0.3529677410063865,跌出前 10 名（排名第 92）
TSE2363,closed,2025-02-21,68.5,2025-03-24,60.1,20,-0.8454411744130158,2.0,100,-0.1226277372262774,-0.12776035134287733,跌出前 10 名（排名第 40）
TSE2367,closed,2024-04-24,26.55,2024-05-23,38.25,20,-0.6508649434105411,4.0,100,0.44067796610169485,0.4321734446914729,跌出前 10 名（排名第 22）
TSE2368,closed,2021-04-12,55.1,2021-05-11,46.5,20,-0.501814412018006,5.0,100,-0.15607985480943742,-0.16109268640180252,跌出前 10 名（排名第 79）
TSE2368,closed,2021-11-01,66.8,2021-11-29,70.2,20,-0.6884064220614572,2.0,100,0.050898203592814495,0.04484420414752366,跌出前 10 名（排名第 16）
TSE2368,closed,2022-01-25,74.6,2022-03-04,79.9,20,-0.7399101573995148,2.0,100,0.07104557640750686,0.06481816111693317,跌出前 10 名（排名第 50）
TSE2368,closed,2023-05-29,121.5,2023-06-28,138.0,20,-0.6093431464738495,5.0,100,0.13580246913580263,0.12926049232358028,跌出前 10 名（排名第 66）
TSE2368,closed,2024-09-18,199.0,2024-10-21,198.0,20,-0.6163000570183715,5.0,100,-0.005025125628140614,-0.010752285605190592,跌出前 10 名（排名第 81）
TSE2369,closed,2022-04-01,24.35,2022-05-04,21.4,20,-0.906779514072291,2.0,100,-0.12114989733059556,-0.12631562367820093,跌出前 10 名（排名第 33）
TSE2369,closed,2023-02-24,15.15,2023-03-28,15.05,20,-0.5532295288955125,5.0,100,-0.0066006600660065695,-0.012403547052392994,跌出前 10 名（排名第 54）
TSE2369,closed,2024-02-23,26.65,2024-03-25,25.2,20,-0.7531958464380426,4.0,100,-0.054409005628517804,-0.05988682970218362,跌出前 10 名（排名第 44）
TSE2369,closed,2025-05-22,14.6,2025-06-20,15.25,20,-0.9192471288225986,1.0,100,0.044520547945205546,0.03840857092880623,跌出前 10 名（排名第 15）
TSE2369,closed,2026-07-16,39.85,2026-08-13,32.95,20,-0.7619104348432979,4.0,100,-0.1731493099121706,-0.1782446404412974,跌出前 10 名（排名第 18）
TSE2371,closed,2021-07-07,24.35,2021-08-04,26.7,20,-0.8638744972632484,2.0,100,0.0965092402464065,0.09016206907302093,跌出前 10 名（排名第 99）
TSE2371,closed,2021-10-01,32.0,2021-11-01,33.7,20,-0.7932524224866299,1.0,100,0.05312500000000009,0.047006458665958206,跌出前 10 名（排名第 62）
TSE2371,closed,2022-06-01,35.45,2022-06-30,33.9,20,-0.6155984572017335,4.0,100,-0.04372355430183372,-0.04934544760014381,跌出前 10 名（排名第 71）
TSE2371,closed,2023-09-21,43.85,2023-10-24,38.4,20,-0.8392189863769877,1.0,100,-0.1242873432155075,-0.1293570102170054,跌出前 10 名（排名第 67）
TSE2374,closed,2022-01-25,27.4,2022-03-04,27.95,20,-0.6276253516986879,4.0,100,0.02007299270072993,0.014108854323908737,跌出前 10 名（排名第 11）
TSE2374,closed,2023-10-24,22.6,2024-01-17,24.75,60,-0.7685264916227149,4.0,100,0.09513274336283173,0.08881146720377564,跌出前 10 名（排名第 38）
TSE2374,closed,2024-02-23,25.55,2024-03-25,26.9,20,-0.7662578854790871,3.0,100,0.05283757338551842,0.04675793347619561,跌出前 10 名（排名第 93）
TSE2374,closed,2024-05-23,57.6,2024-06-21,50.0,20,-0.7711577259439202,3.0,100,-0.13194444444444442,-0.1369301884670956,跌出前 10 名（排名第 29）
TSE2374,closed,2025-04-23,43.0,2025-07-18,56.9,60,-0.7523612682346608,2.0,100,0.32325581395348824,0.31556165740418285,跌出前 10 名（排名第 76）
TSE2374,closed,2025-12-11,79.6,2026-01-12,79.9,20,-0.7763083899353945,5.0,100,0.0037688442211056827,-0.002069096280402083,跌出前 10 名（排名第 63）
TSE2375,closed,2023-02-24,66.8,2023-03-28,73.3,20,-0.9340863899949843,1.0,100,0.09730538922155696,0.09084690511176952,跌出前 10 名（排名第 52）
TSE2375,closed,2023-09-21,66.8,2023-11-21,67.4,40,-0.7346314442624936,4.0,100,0.008982035928143839,0.0030925220548925214,跌出前 10 名（排名第 96）
TSE2375,closed,2025-10-15,75.0,2025-11-13,97.6,20,-0.9104485188848959,1.0,100,0.30133333333333323,0.2939146875084597,跌出前 10 名（排名第 91）
TSE2376,closed,2025-11-13,270.0,2025-12-11,243.5,20,-0.7081553989175886,1.0,99,-0.09814814814814798,-0.10341140383630232,跌出前 10 名（排名第 52）
TSE2377,closed,2021-05-11,174.0,2021-06-08,170.0,20,-0.5671741695126797,4.0,100,-0.022988505747126298,-0.028797428318708906,跌出前 10 名（排名第 15）
TSE2377,closed,2021-10-01,127.0,2021-11-01,142.0,20,-0.5490520408295969,4.0,100,0.11811023622047245,0.11157885747047236,跌出前 10 名（排名第 87）
TSE2377,closed,2025-01-15,179.5,2025-02-21,201.0,20,-0.7772880278970413,3.0,100,0.11977715877437323,0.11325413568537335,跌出前 10 名（排名第 57）
TSE2382,closed,2024-03-25,255.0,2024-04-24,260.5,20,-0.6830090082181315,5.0,100,0.05494110529874385,0.04876661261145898,跌出前 10 名（排名第 67）
TSE2382,closed,2024-09-18,250.0,2024-10-21,309.0,20,-0.7567421541420409,1.0,100,0.236,0.2288227185301388,跌出前 10 名（排名第 59）
TSE2383,closed,2021-10-01,210.0,2021-11-01,234.0,20,-0.7624809698003738,2.0,100,0.11428571428571432,0.10776892029577212,跌出前 10 名（排名第 95）
TSE2385,closed,2025-01-15,152.0,2025-02-21,162.0,20,-0.6922301758845173,5.0,100,0.06578947368421062,0.059563723758224274,跌出前 10 名（排名第 79）
TSE2388,closed,2021-04-12,54.5,2021-05-11,49.9,20,-0.5477512849473323,4.0,100,-0.08440366972477065,-0.08972299723606192,跌出前 10 名（排名第 72）
TSE2388,closed,2021-06-08,49.55,2021-07-07,57.8,20,-0.7866668483621009,5.0,100,0.16649848637739662,0.15972179796791686,跌出前 10 名（排名第 71）
TSE2388,closed,2022-07-28,71.0,2022-08-25,75.8,20,-0.7870308235417973,2.0,100,0.06760563380281681,0.061454579329080605,跌出前 10 名（排名第 40）
TSE2388,closed,2022-12-19,71.2,2023-01-17,66.6,20,-0.7676633754347519,3.0,100,-0.0646067415730337,-0.07012550604268608,跌出前 10 名（排名第 25）
TSE2392,closed,2021-02-01,44.5,2021-03-11,46.6,20,-0.7963304446541155,1.0,100,0.04719101123595504,0.0410943545844511,跌出前 10 名（排名第 49）
TSE2392,closed,2022-10-24,34.65,2022-12-19,37.85,40,-0.65199142099223,5.0,99,0.09235209235209241,0.08590549209628429,跌出前 10 名（排名第 58）
TSE2392,closed,2023-12-19,48.5,2024-01-17,44.15,20,-0.8569418443881609,2.0,100,-0.08969072164948455,-0.09493375743407573,跌出前 10 名（排名第 30）
TSE2395,closed,2025-01-15,353.0,2025-02-21,418.0,20,-0.7921275414383584,2.0,100,0.1841359773371105,0.1773278700046339,跌出前 10 名（排名第 34）
TSE2395,open,2026-07-16,530.0,,688.0,29,-0.7143938416344258,5.0,100,0.3260313112246047,0.32210850420705994,
TSE2399,closed,2021-03-11,17.3,2021-05-11,28.35,40,-0.7420579612688933,5.0,100,0.6387283236994219,0.6292505562120212,跌出前 10 名（排名第 85）
TSE2399,closed,2021-08-04,25.4,2021-09-01,22.6,20,-0.9356315016046213,1.0,100,-0.0939476386961926,-0.09925073763717784,跌出前 10 名（排名第 75）
TSE2399,closed,2022-04-01,21.6,2022-05-04,18.9,20,-0.8140293062942503,3.0,100,-0.1250000000000001,-0.1300936645948274,跌出前 10 名（排名第 13）
TSE2399,closed,2023-03-28,16.25,2023-04-28,15.4,20,-0.7654852383509319,4.0,100,-0.05230769230769228,-0.05784358420769231,跌出前 10 名（排名第 24）
TSE2399,closed,2024-02-23,24.35,2024-03-25,23.15,20,-0.8748689269903702,1.0,100,-0.04928131416837789,-0.054773639709224664,跌出前 10 名（排名第 69）
TSE2399,closed,2024-12-17,27.5,2025-01-15,24.6,20,-0.743574856943237,5.0,100,-0.10545454545454536,-0.11072338412997818,跌出前 10 名（排名第 19）
TSE2399,closed,2025-07-18,18.4,2025-08-15,19.25,20,-0.7076979075398007,5.0,100,0.04619565217391308,0.04010903101158725,跌出前 10 名（排名第 68）
TSE2404,closed,2022-03-04,177.5,2022-04-01,195.0,20,-0.7340258571334983,5.0,100,0.09859154929577474,0.09210973997313587,跌出前 10 名（排名第 26）
TSE2404,closed,2022-05-04,179.0,2022-06-01,181.5,20,-0.8435538999900241,3.0,100,0.013966480446927276,0.00807612764044574,跌出前 10 名（排名第 60）
TSE2404,closed,2023-09-21,228.5,2023-10-24,238.0,20,-0.7534653555329358,3.0,100,0.04157549234135671,0.03550442319292446,跌出前 10 名（排名第 60）
TSE2404,closed,2024-07-19,321.5,2024-08-20,338.0,20,-0.8458856198659476,1.0,99,0.051321928460342114,0.045175914004175644,跌出前 10 名（排名第 23）
TSE2404,closed,2025-03-24,433.5,2025-04-23,469.0,20,-0.7707372861205093,4.0,100,0.08189158016147635,0.07571755903455335,跌出前 10 名（排名第 20）
TSE2408,closed,2021-11-29,73.3,2021-12-27,76.6,20,-0.7424273777778552,4.0,100,0.04502046384720315,0.038953002182835705,跌出前 10 名（排名第 13）
TSE2408,closed,2025-12-11,156.0,2026-02-09,274.5,40,-0.8883738304750594,2.0,100,0.7596153846153846,0.7495267566466346,跌出前 10 名（排名第 64）
TSE2409,closed,2025-02-21,15.1,2025-03-24,15.25,20,-0.7825174464528684,5.0,100,0.009933774834437026,0.004024517432165364,跌出前 10 名（排名第 27）
TSE2409,closed,2026-03-19,15.75,2026-04-20,19.25,20,-0.8449179534627668,1.0,100,0.2222222222222221,0.21504840464409725,跌出前 10 名（排名第 51）
TSE2412,closed,2021-09-01,110.5,2021-10-01,110.5,20,-0.6727597589175731,5.0,100,0.0,-0.005828307238175512,跌出前 10 名（排名第 83）
TSE2421,closed,2021-02-01,51.1,2021-03-11,52.6,20,-0.6974861081977807,5.0,100,0.02935420743639905,0.02345436381608801,跌出前 10 名（排名第 48）
TSE2421,closed,2021-06-08,45.0,2021-07-07,45.4,20,-0.8200162541795035,2.0,100,0.008888888888888724,0.002982384991010001,跌出前 10 名（排名第 95）
TSE2421,closed,2021-11-29,41.7,2021-12-27,42.5,20,-0.7524144974311933,3.0,100,0.01918465227817734,0.013231141824040504,跌出前 10 名（排名第 74）
TSE2421,closed,2023-01-17,41.35,2023-02-24,43.4,20,-0.820968186865317,3.0,100,0.04957678355501782,0.04352154302267075,跌出前 10 名（排名第 72）
TSE2421,closed,2024-01-17,97.7,2024-02-23,125.0,20,-0.4457883338593084,4.0,100,0.27942681678607983,0.27187115080644686,跌出前 10 名（排名第 75）
TSE2421,closed,2025-06-20,99.5,2025-07-18,113.5,20,-0.681369881894851,2.0,99,0.14070351758793964,0.13400979512797573,跌出前 10 名（排名第 97）
TSE2421,closed,2025-08-15,136.0,2025-09-12,133.0,20,-0.7543401972207615,4.0,99,-0.022058823529411797,-0.027730077571131773,跌出前 10 名（排名第 66）
TSE2421,closed,2026-06-16,142.5,2026-07-16,135.0,20,-0.7081900015961422,5.0,100,-0.052631578947368474,-0.0581273373964214,跌出前 10 名（排名第 53）
TSE2421,open,2026-08-13,149.5,,151.5,9,-0.8201623910964446,2.0,100,0.013377926421404673,0.010342738065240331,
TSE2426,closed,2022-08-25,18.65,2022-09-23,17.1,20,-0.8346369993465719,2.0,100,-0.08310991957104541,-0.08843750999595523,跌出前 10 名（排名第 68）
TSE2426,closed,2024-10-21,25.15,2024-11-19,20.25,20,-0.89767033848881,1.0,100,-0.19483101391650093,-0.19949760085612822,跌出前 10 名（排名第 35）
TSE2426,closed,2026-03-19,34.7,2026-04-20,55.7,20,-0.6200614755145959,5.0,100,0.6051873198847262,0.5958508340687063,跌出前 10 名（排名第 14）
TSE2426,closed,2026-07-16,61.8,2026-08-13,68.6,20,-0.7636450003996407,3.0,100,0.11003236245954695,0.10319363119028613,跌出前 10 名（排名第 56）
TSE2428,closed,2021-09-01,192.0,2021-10-01,160.5,20,-0.7716585649888199,2.0,100,-0.1640625000000001,-0.16902422644657278,跌出前 10 名（排名第 87）
TSE2428,closed,2021-11-29,148.0,2021-12-27,154.5,20,-0.6668309446913427,5.0,100,0.04391891891891886,0.03786151837483054,跌出前 10 名（排名第 21）
TSE2428,closed,2023-01-17,139.5,2023-02-24,142.0,20,-0.9130212253499925,1.0,100,0.017921146953405076,0.012164297388834733,跌出前 10 名（排名第 22）
TSE2436,closed,2024-04-24,61.7,2024-05-23,60.9,20,-0.7073672308475485,2.0,100,-0.012965964343598091,-0.018731668759116693,跌出前 10 名（排名第 60）
TSE2436,closed,2024-12-17,57.1,2025-01-15,53.1,20,-0.824813511403975,3.0,100,-0.07005253940455336,-0.07553312050954863,跌出前 10 名（排名第 39）
TSE2436,closed,2025-06-20,49.8,2025-07-18,51.3,20,-0.5450819309466027,5.0,99,0.061719269716904446,0.055479534134256436,跌出前 10 名（排名第 66）
TSE2436,closed,2025-11-13,48.1,2025-12-11,48.1,20,-0.6898995261969496,2.0,99,0.0,-0.005945042506727893,跌出前 10 名（排名第 65）
TSE2436,closed,2026-05-19,69.5,2026-06-16,67.3,20,-0.7787776318992679,2.0,100,-0.031654676258992986,-0.03722074519496721,跌出前 10 名（排名第 70）
TSE2439,closed,2022-03-04,83.0,2022-04-01,85.2,20,-0.7604941324453096,3.0,100,0.026506024096385694,0.020409084751121576,跌出前 10 名（排名第 63）
TSE2439,closed,2022-10-24,84.0,2022-11-21,87.3,20,-0.6769916950057665,4.0,99,0.039285714285714146,0.03314085730389804,跌出前 10 名（排名第 75）
TSE2439,closed,2024-05-23,120.5,2024-07-19,137.0,40,-0.7803633177050283,2.0,100,0.13692946058091282,0.13032891830727888,跌出前 10 名（排名第 47）
TSE2441,closed,2025-03-24,60.6,2025-04-23,53.3,20,-0.8259412353320372,2.0,100,-0.12046204620462053,-0.1256168622475038,跌出前 10 名（排名第 39）
TSE2441,closed,2025-08-15,62.0,2025-09-12,61.6,20,-0.7921144402128357,2.0,99,0.04538569424964933,0.039269265169739276,跌出前 10 名（排名第 71）
TSE2449,closed,2021-02-01,37.15,2021-03-11,40.05,20,-0.7516644298255264,4.0,100,0.07806191117092864,0.07181853782628944,跌出前 10 名（排名第 59）
TSE2449,closed,2022-01-25,45.3,2022-03-04,43.9,20,-0.7091003511195435,3.0,100,-0.030905077262693093,-0.03659753500238061,跌出前 10 名（排名第 37）
TSE2449,closed,2022-07-28,39.1,2022-08-25,37.6,20,-0.728404576719282,3.0,100,-0.038363171355498715,-0.04396980133406059,跌出前 10 名（排名第 28）
TSE2449,closed,2025-08-15,138.5,2025-09-12,166.0,20,-0.7944892432786468,1.0,99,0.19855595667870052,0.19161663606392576,跌出前 10 名（排名第 12）
TSE2451,closed,2021-11-29,69.0,2021-12-27,73.8,20,-0.8006366020288455,2.0,100,0.06956521739130417,0.06333091525056478,跌出前 10 名（排名第 58）
TSE2451,closed,2025-03-24,102.0,2025-04-23,103.0,20,-0.6969420220691154,5.0,100,0.009803921568627638,0.003947889826300122,跌出前 10 名（排名第 100）
TSE2454,closed,2022-06-30,651.0,2022-07-28,682.0,20,-0.6895835917732104,2.0,100,0.04761904761904745,0.04130473729079154,跌出前 10 名（排名第 12）
TSE2455,closed,2023-01-17,79.6,2023-03-28,93.1,40,-0.7935937650527132,5.0,100,0.16959798994974884,0.16307381901414608,跌出前 10 名（排名第 69）
TSE2455,closed,2023-10-24,144.5,2023-11-21,155.5,20,-0.7518181934248325,5.0,100,0.0761245674740485,0.06990227870528853,跌出前 10 名（排名第 64）
TSE2455,closed,2025-02-21,154.5,2025-03-24,135.0,20,-0.8581747910047015,1.0,100,-0.12621359223300965,-0.1313942174132282,跌出前 10 名（排名第 82）
TSE2455,closed,2025-06-20,114.5,2025-07-18,136.0,20,-0.6879076738996167,1.0,99,0.18777292576419224,0.18090863495633203,跌出前 10 名（排名第 12）
TSE2455,closed,2025-11-13,156.5,2025-12-11,141.0,20,-0.6066193332270209,4.0,99,-0.09904153354632594,-0.10442746352809407,跌出前 10 名（排名第 31）
TSE2455,open,2026-08-13,384.0,,428.0,9,-0.8937774307117259,1.0,100,0.11458333333333326,0.11128451910408499,
TSE2458,closed,2021-11-01,170.0,2021-11-29,164.5,20,-0.7233793530394428,1.0,100,-0.03235294117647047,-0.03804751837390197,跌出前 10 名（排名第 54）
TSE2458,closed,2022-03-04,167.0,2022-04-01,170.5,20,-0.8165703516611826,1.0,100,0.020958083832335328,0.014958122249625339,跌出前 10 名（排名第 52）
TSE2458,closed,2024-08-20,142.0,2024-09-18,146.5,20,-0.6808502423170391,4.0,100,0.03169014084507049,0.025642240793471327,跌出前 10 名（排名第 55）
TSE2458,open,2026-08-13,145.0,,139.5,9,-0.7161715942335833,4.0,100,-0.007854062430126652,-0.01076613091297629,
TSE2464,closed,2021-03-11,45.55,2021-04-12,50.1,20,-0.7843629855194209,3.0,100,0.09989023051591683,0.09360343261713022,跌出前 10 名（排名第 33）
TSE2464,closed,2021-06-08,45.5,2021-07-07,44.1,20,-0.7972756799683993,4.0,100,-0.03076923076923077,-0.03649121611014006,跌出前 10 名（排名第 33）
TSE2464,closed,2022-12-19,38.5,2023-01-17,38.35,20,-0.9495421761142573,1.0,100,-0.003896103896103842,-0.009741441521729288,跌出前 10 名（排名第 39）
TSE2464,closed,2023-06-28,37.85,2023-07-26,39.2,20,-0.8208970844418036,5.0,100,0.0870933357627659,0.08074732315955413,跌出前 10 名（排名第 99）
TSE2464,closed,2024-09-18,80.9,2024-10-21,84.0,20,-0.6927199930050421,3.0,100,0.03831891223732997,0.03252613394659454,跌出前 10 名（排名第 83）
TSE2464,closed,2025-12-11,59.0,2026-02-09,74.6,40,-0.8601937733324072,3.0,100,0.2644067796610168,0.25708831078932826,跌出前 10 名（排名第 100）
TSE2464,closed,2026-06-16,179.5,2026-07-16,157.5,20,-0.8335501412681278,2.0,100,-0.12256267409470745,-0.12789628664082697,跌出前 10 名（排名第 44）
TSE2465,closed,2021-04-12,56.8,2021-05-11,54.5,20,-0.8016194091619849,1.0,100,-0.040492957746478875,-0.04624296433465358,跌出前 10 名（排名第 98）
TSE2465,closed,2021-08-04,61.0,2021-09-01,67.0,20,-0.8246258651316598,3.0,100,0.0983606557377048,0.09196031993671938,跌出前 10 名（排名第 79）
TSE2465,closed,2023-04-28,37.25,2023-05-29,38.3,20,-0.8249262261098601,3.0,100,0.028187919463087185,0.022177786477084682,跌出前 10 名（排名第 92）
TSE2465,closed,2023-10-24,48.8,2023-11-21,59.5,20,-0.7744517429276632,3.0,100,0.21926229508196737,0.2124584819675006,跌出前 10 名（排名第 31）
TSE2466,closed,2024-12-17,37.9,2025-01-15,68.3,20,-0.8552130151105565,1.0,100,0.8021108179419525,0.7920570951605161,跌出前 10 名（排名第 100）
TSE2466,closed,2025-09-12,76.5,2025-10-15,54.6,20,-0.7769509802672645,3.0,100,-0.28627450980392155,-0.2905830475583515,跌出前 10 名（排名第 84）
TSE2467,closed,2022-09-23,46.0,2022-10-24,43.9,20,-0.8502900122324598,2.0,100,-0.04565217391304355,-0.051317533741216614,跌出前 10 名（排名第 92）
TSE2467,closed,2022-12-19,43.5,2023-01-17,44.0,20,-0.7299117902246216,4.0,100,0.011494252873563315,0.005565179579741564,跌出前 10 名（排名第 87）
TSE2467,closed,2024-05-23,138.0,2024-06-21,142.5,20,-0.7934624001576229,1.0,100,0.05505671077504748,0.048904764041130866,跌出前 10 名（排名第 93）
TSE2467,closed,2024-10-21,227.0,2024-11-19,217.5,20,-0.8051985067585601,2.0,100,-0.04185022026431717,-0.04762389338907147,跌出前 10 名（排名第 33）
TSE2467,closed,2026-04-20,570.0,2026-06-16,564.0,40,-0.8766079157697143,1.0,100,-0.010526315789473717,-0.01635780243632523,跌出前 10 名（排名第 37）
